distance_m,input_mic0_dbfs,model_output_dbfs
3.0,-25.0000,-68.3132
2.9,-25.0000,-68.1120
2.8,-25.0000,-68.2227
2.7,-25.0000,-68.3337
2.6,-25.0000,-68.2473
2.5,-25.0000,-68.1429
2.4,-25.0000,-68.2265
2.3,-25.0000,-68.2743
2.2,-25.0000,-68.1566
2.1,-25.0000,-67.1389
2.0,-25.0000,-49.7888
1.9,-25.0000,-38.7451
1.8,-25.0000,-49.1070
1.7,-25.0000,-37.6525
1.6,-25.0000,-28.8160
1.5,-25.0000,-28.6082
1.4,-25.0000,-28.4657
1.3,-25.0000,-26.7477
1.2,-25.0000,-26.9682
1.1,-25.0000,-25.8713
1.0,-25.0000,-25.8464
0.9,-25.0000,-25.8779
0.8,-25.0000,-25.5032
0.7,-25.0000,-25.4490
0.6,-25.0000,-25.7919
0.5,-25.0000,-25.7396
