distance_m,out_rt60_0.2,out_rt60_0.8,out_rt60_1.0,out_rt60_1.6,input_mic0_dbfs
3.0,-57.3133,-65.6714,-66.6754,-65.2772,-25.0000
2.9,-68.6377,-64.8594,-65.1383,-65.5595,-25.0000
2.8,-68.4572,-65.6894,-65.3517,-67.7407,-25.0000
2.7,-68.9220,-60.7889,-59.4433,-57.1034,-25.0000
2.6,-67.7882,-64.8095,-61.5194,-57.4874,-25.0000
2.5,-68.3184,-63.8016,-61.3892,-59.3504,-25.0000
2.4,-68.3318,-58.6324,-58.9649,-60.1280,-25.0000
2.3,-67.3549,-63.8682,-61.6253,-60.3150,-25.0000
2.2,-68.7450,-66.8588,-62.5569,-58.8139,-25.0000
2.1,-68.6842,-68.6561,-68.6751,-65.3047,-25.0000
2.0,-52.3900,-68.4543,-68.5788,-67.4028,-25.0000
1.9,-59.7496,-63.4458,-62.3106,-60.2198,-25.0000
1.8,-60.6577,-67.7392,-68.8465,-68.9674,-25.0000
1.7,-50.2066,-68.2082,-68.0276,-65.5652,-25.0000
1.6,-62.2072,-64.7623,-63.7261,-58.5244,-25.0000
1.5,-32.0251,-64.4411,-64.4746,-62.9256,-25.0000
1.4,-34.4350,-35.9415,-40.0788,-42.1641,-25.0000
1.3,-28.9485,-49.8891,-52.7880,-47.7447,-25.0000
1.2,-27.6609,-37.4749,-40.8382,-44.5378,-25.0000
1.1,-26.1739,-30.6768,-31.7669,-33.7790,-25.0000
1.0,-28.7650,-38.9267,-40.7107,-39.2282,-25.0000
0.9,-26.0421,-31.4433,-32.0558,-34.0883,-25.0000
0.8,-26.4675,-26.9226,-28.0663,-35.8995,-25.0000
0.7,-25.7543,-27.9872,-29.3293,-30.7730,-25.0000
0.6,-25.6553,-26.1839,-26.7951,-27.7965,-25.0000
0.5,-25.5744,-25.9690,-26.5587,-27.4967,-25.0000
