gt_distance_m,mean_est_m,std_m,p10_m,p25_m,p75_m,p90_m,trial_0,trial_1,trial_2,trial_3,trial_4,trial_5,trial_6,trial_7,trial_8,trial_9,trial_10,trial_11,trial_12,trial_13,trial_14,trial_15
3.0,3.800428,0.000000,3.800428,3.800428,3.800428,3.800428,3.800428,3.800428,3.800428,3.800428,3.800428,3.800428,3.800428,3.800428,3.800428,3.800428,3.800428,3.800428,3.800428,3.800428,3.800428,3.800428
2.9,3.800428,0.000000,3.800428,3.800428,3.800428,3.800428,3.800428,3.800428,3.800428,3.800428,3.800428,3.800428,3.800428,3.800428,3.800428,3.800428,3.800428,3.800428,3.800428,3.800428,3.800428,3.800428
2.8,3.800428,0.000000,3.800428,3.800428,3.800428,3.800428,3.800428,3.800428,3.800428,3.800428,3.800428,3.800428,3.800428,3.800428,3.800428,3.800428,3.800428,3.800428,3.800428,3.800428,3.800428,3.800428
2.7,3.800417,0.000041,3.800428,3.800428,3.800428,3.800428,3.800428,3.800428,3.800428,3.800428,3.800428,3.800428,3.800428,3.800428,3.800428,3.800428,3.800428,3.800428,3.800428,3.800428,3.800428,3.800258
2.6,3.800428,0.000000,3.800428,3.800428,3.800428,3.800428,3.800428,3.800428,3.800428,3.800428,3.800428,3.800428,3.800428,3.800428,3.800428,3.800428,3.800428,3.800428,3.800428,3.800428,3.800428,3.800428
2.5,3.659683,0.545103,3.800428,3.800428,3.800428,3.800428,3.800428,3.800428,3.800428,3.800428,3.800428,3.800428,3.800428,1.548506,3.800428,3.800428,3.800428,3.800428,3.800428,3.800428,3.800428,3.800428
2.4,3.800443,0.000053,3.800428,3.800428,3.800428,3.800435,3.800428,3.800428,3.800428,3.800428,3.800428,3.800428,3.800428,3.800649,3.800428,3.800428,3.800428,3.800428,3.800428,3.800428,3.800428,3.800441
2.3,3.800428,0.000000,3.800428,3.800428,3.800428,3.800428,3.800428,3.800428,3.800428,3.800428,3.800428,3.800428,3.800428,3.800428,3.800428,3.800428,3.800428,3.800428,3.800428,3.800428,3.800428,3.800428
2.2,3.800428,0.000000,3.800428,3.800428,3.800428,3.800428,3.800428,3.800428,3.800428,3.800428,3.800428,3.800428,3.800428,3.800428,3.800428,3.800428,3.800428,3.800428,3.800428,3.800428,3.800428,3.800429
2.1,3.800428,0.000000,3.800428,3.800428,3.800428,3.800428,3.800428,3.800428,3.800428,3.800428,3.800428,3.800428,3.800428,3.800428,3.800428,3.800428,3.800428,3.800428,3.800428,3.800428,3.800428,3.800428
2.0,3.800437,0.000035,3.800428,3.800428,3.800428,3.800428,3.800428,3.800428,3.800428,3.800428,3.800428,3.800428,3.800428,3.800571,3.800428,3.800428,3.800428,3.800428,3.800428,3.800428,3.800428,3.800428
1.9,3.800443,0.000056,3.800428,3.800428,3.800428,3.800428,3.800428,3.800428,3.800428,3.800661,3.800428,3.800428,3.800428,3.800428,3.800428,3.800428,3.800428,3.800428,3.800428,3.800428,3.800428,3.800428
1.8,3.800442,0.000053,3.800428,3.800428,3.800428,3.800428,3.800428,3.800428,3.800428,3.800645,3.800428,3.800428,3.800428,3.800428,3.800428,3.800428,3.800428,3.800428,3.800428,3.800428,3.800428,3.800428
1.7,0.203096,0.000034,0.203088,0.203088,0.203088,0.203088,0.203088,0.203088,0.203088,0.203088,0.203088,0.203088,0.203088,0.203229,0.203088,0.203088,0.203088,0.203088,0.203088,0.203088,0.203088,0.203088
1.6,0.203088,0.000000,0.203088,0.203088,0.203088,0.203088,0.203088,0.203088,0.203088,0.203088,0.203088,0.203088,0.203088,0.203088,0.203088,0.203088,0.203088,0.203088,0.203088,0.203088,0.203088,0.203088
1.5,0.203088,0.000000,0.203088,0.203088,0.203088,0.203088,0.203088,0.203088,0.203088,0.203088,0.203088,0.203088,0.203088,0.203089,0.203088,0.203088,0.203088,0.203088,0.203088,0.203088,0.203088,0.203088
1.4,0.203088,0.000000,0.203088,0.203088,0.203088,0.203088,0.203088,0.203088,0.203088,0.203088,0.203088,0.203088,0.203088,0.203088,0.203088,0.203088,0.203088,0.203088,0.203088,0.203088,0.203088,0.203088
1.3,0.203088,0.000000,0.203088,0.203088,0.203088,0.203088,0.203088,0.203088,0.203088,0.203088,0.203088,0.203088,0.203088,0.203088,0.203088,0.203088,0.203088,0.203088,0.203088,0.203088,0.203088,0.203088
1.2,0.203094,0.000023,0.203088,0.203088,0.203088,0.203088,0.203088,0.203088,0.203088,0.203182,0.203088,0.203088,0.203088,0.203089,0.203088,0.203088,0.203088,0.203088,0.203088,0.203088,0.203088,0.203088
1.1,0.203071,0.000066,0.203088,0.203088,0.203088,0.203088,0.203088,0.203088,0.203088,0.202815,0.203088,0.203088,0.203088,0.203088,0.203088,0.203088,0.203088,0.203088,0.203088,0.203088,0.203088,0.203088
1.0,0.203088,0.000000,0.203088,0.203088,0.203088,0.203088,0.203088,0.203088,0.203088,0.203088,0.203088,0.203088,0.203088,0.203088,0.203088,0.203088,0.203088,0.203088,0.203088,0.203088,0.203088,0.203088
0.9,0.203096,0.000034,0.203088,0.203088,0.203088,0.203088,0.203088,0.203088,0.203088,0.203088,0.203088,0.203088,0.203088,0.203229,0.203088,0.203088,0.203088,0.203088,0.203088,0.203088,0.203088,0.203088
0.8,0.203090,0.000011,0.203088,0.203088,0.203088,0.203088,0.203088,0.203088,0.203088,0.203133,0.203088,0.203088,0.203088,0.203088,0.203088,0.203088,0.203088,0.203088,0.203088,0.203088,0.203088,0.203088
0.7,3.806077,0.000000,3.806077,3.806077,3.806077,3.806077,3.806077,3.806077,3.806077,3.806077,3.806077,3.806077,3.806077,3.806077,3.806077,3.806077,3.806077,3.806077,3.806077,3.806077,3.806077,3.806077
0.6,3.842365,0.000151,3.842404,3.842404,3.842404,3.842404,3.842404,3.842404,3.842404,3.841779,3.842404,3.842404,3.842404,3.842404,3.842404,3.842404,3.842404,3.842404,3.842404,3.842404,3.842404,3.842404
0.5,3.842404,0.000000,3.842404,3.842404,3.842404,3.842404,3.842404,3.842404,3.842404,3.842404,3.842404,3.842404,3.842404,3.842404,3.842404,3.842404,3.842404,3.842404,3.842404,3.842404,3.842404,3.842404
